metric,cagr
amount_million_debit,0.2587448658271101
amount_million_credit,0.06260217517238331
total_amount_million,0.14161417756929984
